time_step,Date,Time,Millitm,{::[MRT_11111]Program:MainProgram.Applicator_Chamber1_Temp},{::[MRT_11111]Program:MainProgram.Applicator_Chamber2_Temp},{::[MRT_11111]Program:MainProgram.Applicator_Chamber3_Temp},{::[MRT_11111]Program:MainProgram.Condenser_1_Inlet_Temp},{[MRT_11111]Condenser_1_GasPressure_Temp},{[MRT_11111]Condenser_2_GasPressure_Temp},{[MRT_11111]Condenser_3_GasPressure_Temp},{::[MRT_11111]Program:MainProgram.Condenser_2_Inlet_Temp},{::[MRT_11111]Program:MainProgram.Condenser_3_Inlet_Temp},{::[MRT_11111]Program:MainProgram.Applicator_Chamber1_Pressure},{::[MRT_11111]Program:MainProgram.Applicator_Chamber2_Pressure},{::[MRT_11111]Program:MainProgram.Applicator_Chamber3_Pressure},{::[MRT_11111]Program:MainProgram.Material_Height},{::[MRT_11111]Program:MainProgram.Applicator_Belt_Conveyor_Actual_HZ},{::[MRT_11111]Program:MainProgram.Oil_At_Infeed_Manifold_Temp},{::[MRT_11111]Program:MainProgram.Oil_At_Return_Manifold_Temp},{[MRT_11111]Oil_At_Exit_Screw_Manifold_Pressure},{::[MRT_11111]Program:MainProgram.Infeed_Screw_Cooling_Water_Temp},{::[MRT_11111]Program:MainProgram.Infeed_Screw_Cooling_Water_Flow},{::[MRT_11111]Program:MainProgram.Cooling_Water_Gen1_Temp},{::[MRT_11111]Program:MainProgram.Cooling_Water_Gen2_Temp}
0,-0.062523864,0.0060205273,21.071068,12.683033,13.0585575,13.39697,13.834974,14.393074,14.23957,14.504311,14.02198,15.168463,-2.7608862,-2.6952758,-2.924281,4.6216054,0.05074275,14.049899,14.057043,18.713768,-0.06344732,-0.159655,14.582529,14.4329195
1,-0.08863396,0.029682752,22.057917,13.297809,13.701163,14.051898,14.449845,15.038681,14.886269,15.214743,14.680636,15.896263,-2.8892379,-2.8758848,-3.0251338,4.8741703,-0.021067597,14.696669,14.754843,19.587423,-0.022725105,-0.13256933,15.286754,15.129529
2,-0.08864843,0.028711136,22.098736,13.323435,13.72742,14.078651,14.477749,15.066011,14.913639,15.24324,14.708234,15.926569,-2.8933637,-2.881197,-3.0298245,4.8820167,-0.022564542,14.72389,14.78202,19.624413,-0.023228534,-0.1335586,15.316521,15.157596
3,-0.08865435,0.02869552,22.100157,13.32433,13.728334,14.0795765,14.47871,15.066977,14.914591,15.244246,14.709199,15.927618,-2.8935318,-2.8813806,-3.0299733,4.8823028,-0.022617359,14.724835,14.782962,19.625706,-0.02322907,-0.13359758,15.317559,15.158576
4,-0.08865454,0.028695043,22.100208,13.324364,13.728368,14.079609,14.4787445,15.06701,14.914625,15.24428,14.709232,15.927654,-2.8935375,-2.8813868,-3.0299785,4.8823123,-0.022619195,14.724867,14.782994,19.62575,-0.023228973,-0.1335989,15.317596,15.15861
5,-0.088654555,0.028694984,22.100208,13.324364,13.728369,14.07961,14.478746,15.067011,14.914625,15.244282,14.709233,15.927655,-2.8935378,-2.8813868,-3.0299785,4.882313,-0.022619251,14.724869,14.782996,19.625751,-0.023228966,-0.13359894,15.317598,15.158611
6,-0.08865454,0.028695013,22.100208,13.324364,13.728368,14.07961,14.478746,15.067011,14.914625,15.24428,14.709233,15.927655,-2.893538,-2.8813868,-3.0299785,4.882313,-0.022619262,14.724869,14.782995,19.625753,-0.02322898,-0.13359895,15.317597,15.15861
7,-0.088654526,0.028694954,22.10021,13.324364,13.728368,14.079609,14.478746,15.067011,14.914625,15.24428,14.709234,15.927656,-2.8935378,-2.8813868,-3.0299785,4.8823123,-0.022619262,14.724869,14.782995,19.625751,-0.02322898,-0.13359898,15.317597,15.15861
8,-0.088654555,0.028694984,22.100208,13.324364,13.728369,14.07961,14.478745,15.067011,14.914625,15.244282,14.709234,15.927655,-2.8935378,-2.8813868,-3.0299785,4.882313,-0.02261927,14.724869,14.782996,19.625751,-0.023228973,-0.13359895,15.317597,15.158611
9,-0.08865457,0.028694954,22.10021,13.324364,13.728368,14.079609,14.478746,15.067011,14.914625,15.24428,14.709234,15.927655,-2.8935378,-2.8813868,-3.0299785,4.8823123,-0.02261924,14.724869,14.782996,19.625751,-0.023228973,-0.13359895,15.317596,15.15861
10,-0.08865457,0.028694984,22.100208,13.324364,13.728368,14.079609,14.478745,15.067011,14.914625,15.244282,14.709234,15.927655,-2.893538,-2.8813868,-3.0299785,4.882313,-0.022619285,14.724869,14.782996,19.625751,-0.02322898,-0.13359895,15.317597,15.158611
11,-0.08865457,0.028694984,22.100208,13.324364,13.728368,14.07961,14.478746,15.067011,14.914625,15.24428,14.709233,15.927656,-2.8935378,-2.8813868,-3.0299785,4.8823133,-0.022619255,14.724869,14.782996,19.625751,-0.023228958,-0.13359892,15.317596,15.15861
12,-0.08865457,0.028694984,22.100208,13.324364,13.728368,14.079609,14.478745,15.067011,14.914625,15.244282,14.709234,15.927656,-2.8935378,-2.8813868,-3.0299785,4.8823123,-0.022619251,14.724869,14.782996,19.625751,-0.023228988,-0.13359892,15.317597,15.158611
13,-0.088654555,0.028694984,22.100208,13.324364,13.728368,14.07961,14.478745,15.067011,14.914625,15.24428,14.709234,15.927656,-2.8935378,-2.8813868,-3.0299785,4.8823133,-0.022619262,14.724869,14.782996,19.625751,-0.02322895,-0.13359897,15.317596,15.15861
14,-0.088654585,0.028694954,22.10021,13.324364,13.728369,14.07961,14.478745,15.067011,14.914625,15.24428,14.709234,15.927656,-2.8935378,-2.8813868,-3.0299785,4.8823123,-0.022619255,14.724869,14.782995,19.625751,-0.023228988,-0.13359895,15.317596,15.158611
15,-0.088654585,0.028694954,22.100208,13.324364,13.728368,14.079609,14.4787445,15.067011,14.914625,15.244282,14.709233,15.927656,-2.893538,-2.8813868,-3.0299785,4.8823123,-0.022619262,14.724869,14.782996,19.625751,-0.02322898,-0.13359892,15.317597,15.158611
16,-0.088654555,0.028695013,22.100208,13.324364,13.728369,14.07961,14.478746,15.067011,14.914626,15.244282,14.709234,15.927655,-2.893538,-2.8813868,-3.0299785,4.882313,-0.022619277,14.724869,14.782996,19.625753,-0.023228958,-0.13359895,15.317597,15.158611
17,-0.08865457,0.028694984,22.10021,13.324364,13.728368,14.07961,14.478745,15.067011,14.914625,15.244282,14.709234,15.927655,-2.893538,-2.8813868,-3.0299785,4.8823123,-0.022619233,14.724869,14.782996,19.625751,-0.023228943,-0.13359897,15.317597,15.158611
18,-0.088654585,0.028694984,22.10021,13.324364,13.728368,14.079609,14.4787445,15.067011,14.914625,15.24428,14.709234,15.927655,-2.8935378,-2.8813868,-3.0299785,4.882313,-0.022619285,14.724869,14.782996,19.625751,-0.023228988,-0.13359897,15.317597,15.15861
19,-0.088654555,0.028694924,22.100208,13.324364,13.728368,14.079609,14.4787445,15.067011,14.914625,15.24428,14.709234,15.927655,-2.8935375,-2.8813868,-3.0299785,4.8823123,-0.022619262,14.724869,14.782996,19.625751,-0.023229025,-0.13359894,15.317597,15.15861
20,-0.08865454,0.028694954,22.100208,13.324364,13.728368,14.079609,14.4787445,15.067011,14.914625,15.24428,14.709234,15.927655,-2.8935375,-2.8813868,-3.0299785,4.8823123,-0.022619255,14.724869,14.782996,19.625751,-0.023228996,-0.13359894,15.317597,15.15861
21,-0.08865454,0.028694954,22.100208,13.324364,13.728368,14.079609,14.4787445,15.067011,14.914625,15.24428,14.709234,15.927655,-2.8935375,-2.8813868,-3.0299785,4.8823123,-0.022619255,14.724869,14.782996,19.625751,-0.023228988,-0.13359894,15.317596,15.15861
22,-0.088654555,0.028694984,22.100208,13.324364,13.728368,14.07961,14.478746,15.067011,14.914625,15.244282,14.709233,15.927655,-2.8935378,-2.8813868,-3.0299785,4.8823123,-0.022619262,14.724869,14.782996,19.625753,-0.023228973,-0.13359897,15.317596,15.15861
23,-0.0886546,0.028694984,22.100208,13.324364,13.728369,14.07961,14.478746,15.067011,14.914625,15.24428,14.709233,15.927655,-2.8935375,-2.8813868,-3.0299785,4.8823123,-0.022619277,14.724869,14.782996,19.625751,-0.023228966,-0.13359895,15.317597,15.15861
24,-0.08865457,0.028694984,22.100208,13.324364,13.728368,14.079609,14.4787445,15.067011,14.914625,15.24428,14.709233,15.927655,-2.893538,-2.8813868,-3.0299785,4.8823123,-0.02261924,14.724869,14.782995,19.625751,-0.023228988,-0.13359897,15.317597,15.15861
25,-0.088654585,0.028694954,22.10021,13.324364,13.728368,14.07961,14.478746,15.067011,14.914626,15.24428,14.709234,15.927655,-2.893538,-2.8813868,-3.0299785,4.8823123,-0.022619262,14.724869,14.782996,19.625751,-0.023228988,-0.13359897,15.317596,15.15861
26,-0.088654585,0.028694984,22.100208,13.324364,13.728368,14.079609,14.478745,15.067011,14.914625,15.244282,14.709233,15.927655,-2.893538,-2.8813868,-3.0299785,4.8823123,-0.022619277,14.724869,14.782996,19.625751,-0.023228996,-0.13359894,15.317597,15.158611
27,-0.08865451,0.028695013,22.10021,13.324364,13.728369,14.07961,14.478746,15.067011,14.914625,15.244282,14.709234,15.927655,-2.893538,-2.8813868,-3.0299785,4.882313,-0.022619262,14.724869,14.782996,19.625753,-0.023228973,-0.13359895,15.317598,15.158611
28,-0.0886546,0.028695013,22.100208,13.324364,13.728369,14.079609,14.4787445,15.067011,14.914625,15.244282,14.709234,15.927655,-2.893538,-2.8813868,-3.0299785,4.882313,-0.022619274,14.724869,14.782996,19.625751,-0.023228928,-0.13359892,15.317597,15.158611
29,-0.08865457,0.028694984,22.10021,13.324364,13.728368,14.07961,14.478746,15.067011,14.914625,15.24428,14.709234,15.927656,-2.893538,-2.8813868,-3.0299785,4.8823123,-0.022619255,14.724869,14.782996,19.625753,-0.023228966,-0.13359895,15.317597,15.158612
30,-0.088654585,0.028694984,22.100208,13.324364,13.728368,14.079609,14.478745,15.067011,14.914626,15.244282,14.709233,15.927656,-2.893538,-2.8813868,-3.0299785,4.8823123,-0.022619266,14.724869,14.782996,19.625751,-0.02322898,-0.13359892,15.317597,15.158611
31,-0.088654555,0.028695013,22.100208,13.324364,13.728369,14.07961,14.478746,15.067011,14.914626,15.244282,14.709234,15.927655,-2.893538,-2.8813868,-3.0299785,4.882313,-0.02261927,14.724869,14.782996,19.625753,-0.023228973,-0.13359895,15.317598,15.158611
32,-0.088654555,0.028694954,22.10021,13.324364,13.728368,14.079609,14.4787445,15.067011,14.914625,15.24428,14.709234,15.927655,-2.893538,-2.8813868,-3.0299785,4.8823123,-0.022619262,14.724869,14.782996,19.625751,-0.023228966,-0.13359897,15.317598,15.158611
33,-0.08865457,0.028694924,22.100208,13.324364,13.728368,14.079609,14.4787445,15.067011,14.914625,15.24428,14.709233,15.927655,-2.893538,-2.8813868,-3.0299785,4.8823123,-0.022619292,14.724869,14.782996,19.625751,-0.02322901,-0.13359894,15.317597,15.15861
34,-0.08865457,0.028694984,22.100208,13.324364,13.728368,14.079609,14.478745,15.067011,14.914625,15.24428,14.709234,15.927655,-2.8935378,-2.8813868,-3.0299785,4.8823123,-0.022619255,14.724869,14.782996,19.625751,-0.023229003,-0.13359895,15.317596,15.15861
35,-0.08865457,0.028694984,22.100208,13.324364,13.728368,14.079609,14.478746,15.067011,14.914625,15.24428,14.709233,15.927655,-2.893538,-2.8813868,-3.0299785,4.882313,-0.02261927,14.724869,14.782996,19.625753,-0.023228966,-0.13359894,15.317596,15.15861
36,-0.088654555,0.028695013,22.100208,13.324364,13.728369,14.07961,14.4787445,15.067011,14.914625,15.24428,14.709233,15.927655,-2.8935378,-2.8813868,-3.0299785,4.8823123,-0.022619277,14.724869,14.782996,19.625753,-0.023228988,-0.13359894,15.317597,15.15861
37,-0.08865454,0.028694984,22.10021,13.324364,13.728368,14.07961,14.478746,15.067011,14.914625,15.24428,14.709233,15.927655,-2.893538,-2.8813868,-3.0299785,4.8823123,-0.022619255,14.724869,14.782996,19.625753,-0.02322898,-0.13359897,15.317596,15.158611
38,-0.0886546,0.028694984,22.100208,13.324364,13.728369,14.07961,14.478745,15.067011,14.914626,15.244282,14.709234,15.927655,-2.893538,-2.8813868,-3.0299785,4.882313,-0.022619266,14.724869,14.782996,19.625751,-0.023228996,-0.13359892,15.317598,15.158611
39,-0.08865457,0.028694984,22.100208,13.324364,13.728369,14.079609,14.478746,15.067011,14.914625,15.244282,14.709234,15.927656,-2.893538,-2.8813868,-3.0299785,4.882313,-0.022619251,14.724869,14.782995,19.625751,-0.023228958,-0.13359892,15.317598,15.158611
40,-0.088654585,0.028694984,22.100208,13.324364,13.728368,14.07961,14.478746,15.067011,14.914625,15.244282,14.709234,15.927656,-2.8935375,-2.8813868,-3.0299785,4.8823123,-0.022619247,14.724869,14.782996,19.625751,-0.023228988,-0.13359897,15.317597,15.15861
41,-0.088654555,0.028694984,22.100208,13.324364,13.728368,14.07961,14.478745,15.067011,14.914625,15.244282,14.709233,15.927656,-2.893538,-2.8813868,-3.0299785,4.882313,-0.02261927,14.724869,14.782996,19.625751,-0.023228966,-0.13359891,15.317597,15.15861
42,-0.08865454,0.028694984,22.100208,13.324364,13.728369,14.07961,14.478746,15.067011,14.914625,15.244282,14.709234,15.927655,-2.893538,-2.8813868,-3.0299785,4.882313,-0.022619247,14.724869,14.782996,19.625751,-0.023228966,-0.13359892,15.317596,15.158611
43,-0.08865457,0.028694984,22.100208,13.324364,13.728369,14.07961,14.478746,15.067011,14.914625,15.24428,14.709234,15.927655,-2.8935375,-2.8813868,-3.0299785,4.882313,-0.022619277,14.724869,14.782996,19.625751,-0.023228973,-0.13359897,15.317596,15.15861
44,-0.088654555,0.028694954,22.100208,13.324364,13.728368,14.079609,14.4787445,15.067011,14.914624,15.24428,14.709234,15.927655,-2.893538,-2.8813868,-3.0299785,4.8823123,-0.022619233,14.724869,14.782995,19.625751,-0.023228988,-0.13359895,15.317597,15.15861
45,-0.08865457,0.028694954,22.100208,13.324364,13.728368,14.079609,14.478746,15.067011,14.914625,15.24428,14.709233,15.927655,-2.8935378,-2.8813868,-3.0299785,4.8823123,-0.022619277,14.724869,14.782996,19.625751,-0.023229018,-0.13359895,15.317596,15.15861
46,-0.08865457,0.028695013,22.100208,13.324364,13.728368,14.07961,14.478745,15.067011,14.914625,15.24428,14.709233,15.927655,-2.8935378,-2.8813868,-3.0299785,4.882313,-0.022619292,14.724869,14.782996,19.625753,-0.02322898,-0.13359892,15.317598,15.15861
47,-0.088654555,0.028694954,22.100208,13.324363,13.728368,14.079609,14.4787445,15.067011,14.914625,15.24428,14.709233,15.927656,-2.893538,-2.8813868,-3.0299785,4.8823123,-0.02261924,14.724869,14.782995,19.625751,-0.023228988,-0.13359892,15.317597,15.158611
48,-0.08865457,0.028694924,22.10021,13.324364,13.728368,14.079609,14.478746,15.067011,14.914625,15.244282,14.709234,15.927655,-2.893538,-2.8813868,-3.0299785,4.882313,-0.022619247,14.724869,14.782996,19.625751,-0.023228958,-0.13359897,15.317597,15.15861
49,-0.088654585,0.028694984,22.100208,13.324364,13.728369,14.079609,14.478745,15.067011,14.914625,15.244282,14.709234,15.927655,-2.893538,-2.8813868,-3.0299785,4.882313,-0.022619251,14.724869,14.782996,19.625751,-0.023228966,-0.13359894,15.317597,15.158611
50,-0.08865457,0.028694954,22.10021,13.324364,13.728368,14.079609,14.478746,15.067011,14.914625,15.24428,14.709234,15.927655,-2.893538,-2.8813868,-3.0299785,4.882313,-0.02261924,14.724869,14.782996,19.625751,-0.02322895,-0.13359895,15.317596,15.15861
51,-0.088654585,0.028694984,22.100208,13.324364,13.728368,14.079609,14.478745,15.067011,14.914625,15.244282,14.709234,15.927655,-2.893538,-2.8813868,-3.0299785,4.882313,-0.022619255,14.724869,14.782996,19.625751,-0.02322898,-0.13359895,15.317597,15.158611
52,-0.08865457,0.028694984,22.100208,13.324364,13.728368,14.07961,14.478746,15.067011,14.914625,15.24428,14.709233,15.927656,-2.8935378,-2.8813868,-3.0299785,4.8823133,-0.022619262,14.724869,14.782996,19.625751,-0.02322895,-0.13359892,15.317596,15.15861
53,-0.08865457,0.028694984,22.100208,13.324364,13.728368,14.079609,14.478745,15.067011,14.914625,15.244282,14.709234,15.927656,-2.8935378,-2.8813868,-3.0299785,4.8823123,-0.022619251,14.724869,14.782996,19.625751,-0.023228988,-0.13359892,15.317597,15.158611
54,-0.088654555,0.028694984,22.100208,13.324364,13.728368,14.07961,14.478745,15.067011,14.914625,15.24428,14.709234,15.927656,-2.8935378,-2.8813868,-3.0299785,4.8823133,-0.022619262,14.724869,14.782996,19.625751,-0.02322895,-0.13359897,15.317596,15.15861
55,-0.088654585,0.028694954,22.10021,13.324364,13.728369,14.07961,14.478745,15.067011,14.914625,15.24428,14.709234,15.927656,-2.8935378,-2.8813868,-3.0299785,4.8823123,-0.022619255,14.724869,14.782995,19.625751,-0.023228988,-0.13359895,15.317596,15.158611
56,-0.088654585,0.028694954,22.100208,13.324364,13.728368,14.079609,14.4787445,15.067011,14.914625,15.244282,14.709233,15.927656,-2.893538,-2.8813868,-3.0299785,4.8823123,-0.022619262,14.724869,14.782996,19.625751,-0.02322898,-0.13359892,15.317597,15.158611
57,-0.088654555,0.028695013,22.100208,13.324364,13.728369,14.07961,14.478746,15.067011,14.914626,15.244282,14.709234,15.927655,-2.893538,-2.8813868,-3.0299785,4.882313,-0.022619277,14.724869,14.782996,19.625753,-0.023228958,-0.13359895,15.317597,15.158611
58,-0.08865457,0.028694984,22.10021,13.324364,13.728368,14.07961,14.478745,15.067011,14.914625,15.244282,14.709234,15.927655,-2.893538,-2.8813868,-3.0299785,4.8823123,-0.022619233,14.724869,14.782996,19.625751,-0.023228943,-0.13359897,15.317597,15.158611
59,-0.088654585,0.028694984,22.10021,13.324364,13.728368,14.079609,14.4787445,15.067011,14.914625,15.24428,14.709234,15.927655,-2.8935378,-2.8813868,-3.0299785,4.882313,-0.022619285,14.724869,14.782996,19.625751,-0.023228988,-0.13359897,15.317597,15.15861
60,-0.088654555,0.028694924,22.100208,13.324364,13.728368,14.079609,14.4787445,15.067011,14.914625,15.24428,14.709234,15.927655,-2.8935375,-2.8813868,-3.0299785,4.8823123,-0.022619262,14.724869,14.782996,19.625751,-0.023229025,-0.13359894,15.317597,15.15861
61,-0.08865454,0.028694954,22.100208,13.324364,13.728368,14.079609,14.4787445,15.067011,14.914625,15.24428,14.709234,15.927655,-2.8935375,-2.8813868,-3.0299785,4.8823123,-0.022619255,14.724869,14.782996,19.625751,-0.023228996,-0.13359894,15.317597,15.15861
62,-0.08865454,0.028694954,22.100208,13.324364,13.728368,14.079609,14.4787445,15.067011,14.914625,15.24428,14.709234,15.927655,-2.8935375,-2.8813868,-3.0299785,4.8823123,-0.022619255,14.724869,14.782996,19.625751,-0.023228988,-0.13359894,15.317596,15.15861
63,-0.088654555,0.028694984,22.100208,13.324364,13.728368,14.07961,14.478746,15.067011,14.914625,15.244282,14.709233,15.927655,-2.8935378,-2.8813868,-3.0299785,4.8823123,-0.022619262,14.724869,14.782996,19.625753,-0.023228973,-0.13359897,15.317596,15.15861
64,-0.0886546,0.028694984,22.100208,13.324364,13.728369,14.07961,14.478746,15.067011,14.914625,15.24428,14.709233,15.927655,-2.8935375,-2.8813868,-3.0299785,4.8823123,-0.022619277,14.724869,14.782996,19.625751,-0.023228966,-0.13359895,15.317597,15.15861
65,-0.08865457,0.028694984,22.100208,13.324364,13.728368,14.079609,14.4787445,15.067011,14.914625,15.24428,14.709233,15.927655,-2.893538,-2.8813868,-3.0299785,4.8823123,-0.02261924,14.724869,14.782995,19.625751,-0.023228988,-0.13359897,15.317597,15.15861
66,-0.088654585,0.028694954,22.10021,13.324364,13.728368,14.07961,14.478746,15.067011,14.914626,15.24428,14.709234,15.927655,-2.893538,-2.8813868,-3.0299785,4.8823123,-0.022619262,14.724869,14.782996,19.625751,-0.023228988,-0.13359897,15.317596,15.15861
67,-0.088654585,0.028694984,22.100208,13.324364,13.728368,14.079609,14.478745,15.067011,14.914625,15.244282,14.709233,15.927655,-2.893538,-2.8813868,-3.0299785,4.8823123,-0.022619277,14.724869,14.782996,19.625751,-0.023228996,-0.13359894,15.317597,15.158611
68,-0.08865451,0.028695013,22.10021,13.324364,13.728369,14.07961,14.478746,15.067011,14.914625,15.244282,14.709234,15.927655,-2.893538,-2.8813868,-3.0299785,4.882313,-0.022619262,14.724869,14.782996,19.625753,-0.023228973,-0.13359895,15.317598,15.158611
69,-0.0886546,0.028695013,22.100208,13.324364,13.728369,14.079609,14.4787445,15.067011,14.914625,15.244282,14.709234,15.927655,-2.893538,-2.8813868,-3.0299785,4.882313,-0.022619274,14.724869,14.782996,19.625751,-0.023228928,-0.13359892,15.317597,15.158611
70,-0.08865457,0.028694984,22.10021,13.324364,13.728368,14.07961,14.478746,15.067011,14.914625,15.24428,14.709234,15.927656,-2.893538,-2.8813868,-3.0299785,4.8823123,-0.022619255,14.724869,14.782996,19.625753,-0.023228966,-0.13359895,15.317597,15.158612
71,-0.088654585,0.028694984,22.100208,13.324364,13.728368,14.079609,14.478745,15.067011,14.914626,15.244282,14.709233,15.927656,-2.893538,-2.8813868,-3.0299785,4.8823123,-0.022619266,14.724869,14.782996,19.625751,-0.02322898,-0.13359892,15.317597,15.158611
72,-0.088654555,0.028695013,22.100208,13.324364,13.728369,14.07961,14.478746,15.067011,14.914626,15.244282,14.709234,15.927655,-2.893538,-2.8813868,-3.0299785,4.882313,-0.02261927,14.724869,14.782996,19.625753,-0.023228973,-0.13359895,15.317598,15.158611
73,-0.088654555,0.028694954,22.10021,13.324364,13.728368,14.079609,14.4787445,15.067011,14.914625,15.24428,14.709234,15.927655,-2.893538,-2.8813868,-3.0299785,4.8823123,-0.022619262,14.724869,14.782996,19.625751,-0.023228966,-0.13359897,15.317598,15.158611
74,-0.08865457,0.028694924,22.100208,13.324364,13.728368,14.079609,14.4787445,15.067011,14.914625,15.24428,14.709233,15.927655,-2.893538,-2.8813868,-3.0299785,4.8823123,-0.022619292,14.724869,14.782996,19.625751,-0.02322901,-0.13359894,15.317597,15.15861
75,-0.08865457,0.028694984,22.100208,13.324364,13.728368,14.079609,14.478745,15.067011,14.914625,15.24428,14.709234,15.927655,-2.8935378,-2.8813868,-3.0299785,4.8823123,-0.022619255,14.724869,14.782996,19.625751,-0.023229003,-0.13359895,15.317596,15.15861
76,-0.08865457,0.028694984,22.100208,13.324364,13.728368,14.079609,14.478746,15.067011,14.914625,15.24428,14.709233,15.927655,-2.893538,-2.8813868,-3.0299785,4.882313,-0.02261927,14.724869,14.782996,19.625753,-0.023228966,-0.13359894,15.317596,15.15861
77,-0.088654555,0.028695013,22.100208,13.324364,13.728369,14.07961,14.4787445,15.067011,14.914625,15.24428,14.709233,15.927655,-2.8935378,-2.8813868,-3.0299785,4.8823123,-0.022619277,14.724869,14.782996,19.625753,-0.023228988,-0.13359894,15.317597,15.15861
78,-0.08865454,0.028694984,22.10021,13.324364,13.728368,14.07961,14.478746,15.067011,14.914625,15.24428,14.709233,15.927655,-2.893538,-2.8813868,-3.0299785,4.8823123,-0.022619255,14.724869,14.782996,19.625753,-0.02322898,-0.13359897,15.317596,15.158611
79,-0.0886546,0.028694984,22.100208,13.324364,13.728369,14.07961,14.478745,15.067011,14.914626,15.244282,14.709234,15.927655,-2.893538,-2.8813868,-3.0299785,4.882313,-0.022619266,14.724869,14.782996,19.625751,-0.023228996,-0.13359892,15.317598,15.158611
80,-0.08865457,0.028694984,22.100208,13.324364,13.728369,14.079609,14.478746,15.067011,14.914625,15.244282,14.709234,15.927656,-2.893538,-2.8813868,-3.0299785,4.882313,-0.022619251,14.724869,14.782995,19.625751,-0.023228958,-0.13359892,15.317598,15.158611
81,-0.088654585,0.028694984,22.100208,13.324364,13.728368,14.07961,14.478746,15.067011,14.914625,15.244282,14.709234,15.927656,-2.8935375,-2.8813868,-3.0299785,4.8823123,-0.022619247,14.724869,14.782996,19.625751,-0.023228988,-0.13359897,15.317597,15.15861
82,-0.088654555,0.028694984,22.100208,13.324364,13.728368,14.07961,14.478745,15.067011,14.914625,15.244282,14.709233,15.927656,-2.893538,-2.8813868,-3.0299785,4.882313,-0.02261927,14.724869,14.782996,19.625751,-0.023228966,-0.13359891,15.317597,15.15861
83,-0.08865454,0.028694984,22.100208,13.324364,13.728369,14.07961,14.478746,15.067011,14.914625,15.244282,14.709234,15.927655,-2.893538,-2.8813868,-3.0299785,4.882313,-0.022619247,14.724869,14.782996,19.625751,-0.023228966,-0.13359892,15.317596,15.158611
84,-0.08865457,0.028694984,22.100208,13.324364,13.728369,14.07961,14.478746,15.067011,14.914625,15.24428,14.709234,15.927655,-2.8935375,-2.8813868,-3.0299785,4.882313,-0.022619277,14.724869,14.782996,19.625751,-0.023228973,-0.13359897,15.317596,15.15861
85,-0.088654555,0.028694954,22.100208,13.324364,13.728368,14.079609,14.4787445,15.067011,14.914624,15.24428,14.709234,15.927655,-2.893538,-2.8813868,-3.0299785,4.8823123,-0.022619233,14.724869,14.782995,19.625751,-0.023228988,-0.13359895,15.317597,15.15861
86,-0.08865457,0.028694954,22.100208,13.324364,13.728368,14.079609,14.478746,15.067011,14.914625,15.24428,14.709233,15.927655,-2.8935378,-2.8813868,-3.0299785,4.8823123,-0.022619277,14.724869,14.782996,19.625751,-0.023229018,-0.13359895,15.317596,15.15861
87,-0.08865457,0.028695013,22.100208,13.324364,13.728368,14.07961,14.478745,15.067011,14.914625,15.24428,14.709233,15.927655,-2.8935378,-2.8813868,-3.0299785,4.882313,-0.022619292,14.724869,14.782996,19.625753,-0.02322898,-0.13359892,15.317598,15.15861
88,-0.088654555,0.028694954,22.100208,13.324363,13.728368,14.079609,14.4787445,15.067011,14.914625,15.24428,14.709233,15.927656,-2.893538,-2.8813868,-3.0299785,4.8823123,-0.02261924,14.724869,14.782995,19.625751,-0.023228988,-0.13359892,15.317597,15.158611
89,-0.08865457,0.028694924,22.10021,13.324364,13.728368,14.079609,14.478746,15.067011,14.914625,15.244282,14.709234,15.927655,-2.893538,-2.8813868,-3.0299785,4.882313,-0.022619247,14.724869,14.782996,19.625751,-0.023228958,-0.13359897,15.317597,15.15861
90,-0.088654585,0.028694984,22.100208,13.324364,13.728369,14.079609,14.478745,15.067011,14.914625,15.244282,14.709234,15.927655,-2.893538,-2.8813868,-3.0299785,4.882313,-0.022619251,14.724869,14.782996,19.625751,-0.023228966,-0.13359894,15.317597,15.158611
91,-0.08865457,0.028694954,22.10021,13.324364,13.728368,14.079609,14.478746,15.067011,14.914625,15.24428,14.709234,15.927655,-2.893538,-2.8813868,-3.0299785,4.882313,-0.02261924,14.724869,14.782996,19.625751,-0.02322895,-0.13359895,15.317596,15.15861
92,-0.088654585,0.028694984,22.100208,13.324364,13.728368,14.079609,14.478745,15.067011,14.914625,15.244282,14.709234,15.927655,-2.893538,-2.8813868,-3.0299785,4.882313,-0.022619255,14.724869,14.782996,19.625751,-0.02322898,-0.13359895,15.317597,15.158611
93,-0.08865457,0.028694984,22.100208,13.324364,13.728368,14.07961,14.478746,15.067011,14.914625,15.24428,14.709233,15.927656,-2.8935378,-2.8813868,-3.0299785,4.8823133,-0.022619262,14.724869,14.782996,19.625751,-0.02322895,-0.13359892,15.317596,15.15861
94,-0.08865457,0.028694984,22.100208,13.324364,13.728368,14.079609,14.478745,15.067011,14.914625,15.244282,14.709234,15.927656,-2.8935378,-2.8813868,-3.0299785,4.8823123,-0.022619251,14.724869,14.782996,19.625751,-0.023228988,-0.13359892,15.317597,15.158611
95,-0.088654555,0.028694984,22.100208,13.324364,13.728368,14.07961,14.478745,15.067011,14.914625,15.24428,14.709234,15.927656,-2.8935378,-2.8813868,-3.0299785,4.8823133,-0.022619262,14.724869,14.782996,19.625751,-0.02322895,-0.13359897,15.317596,15.15861
96,-0.088654585,0.028694954,22.10021,13.324364,13.728369,14.07961,14.478745,15.067011,14.914625,15.24428,14.709234,15.927656,-2.8935378,-2.8813868,-3.0299785,4.8823123,-0.022619255,14.724869,14.782995,19.625751,-0.023228988,-0.13359895,15.317596,15.158611
97,-0.088654585,0.028694954,22.100208,13.324364,13.728368,14.079609,14.4787445,15.067011,14.914625,15.244282,14.709233,15.927656,-2.893538,-2.8813868,-3.0299785,4.8823123,-0.022619262,14.724869,14.782996,19.625751,-0.02322898,-0.13359892,15.317597,15.158611
98,-0.088654555,0.028695013,22.100208,13.324364,13.728369,14.07961,14.478746,15.067011,14.914626,15.244282,14.709234,15.927655,-2.893538,-2.8813868,-3.0299785,4.882313,-0.022619277,14.724869,14.782996,19.625753,-0.023228958,-0.13359895,15.317597,15.158611
99,-0.08865457,0.028694984,22.10021,13.324364,13.728368,14.07961,14.478745,15.067011,14.914625,15.244282,14.709234,15.927655,-2.893538,-2.8813868,-3.0299785,4.8823123,-0.022619233,14.724869,14.782996,19.625751,-0.023228943,-0.13359897,15.317597,15.158611
100,-0.088654585,0.028694984,22.10021,13.324364,13.728368,14.079609,14.4787445,15.067011,14.914625,15.24428,14.709234,15.927655,-2.8935378,-2.8813868,-3.0299785,4.882313,-0.022619285,14.724869,14.782996,19.625751,-0.023228988,-0.13359897,15.317597,15.15861
101,-0.088654555,0.028694924,22.100208,13.324364,13.728368,14.079609,14.4787445,15.067011,14.914625,15.24428,14.709234,15.927655,-2.8935375,-2.8813868,-3.0299785,4.8823123,-0.022619262,14.724869,14.782996,19.625751,-0.023229025,-0.13359894,15.317597,15.15861
102,-0.08865454,0.028694954,22.100208,13.324364,13.728368,14.079609,14.4787445,15.067011,14.914625,15.24428,14.709234,15.927655,-2.8935375,-2.8813868,-3.0299785,4.8823123,-0.022619255,14.724869,14.782996,19.625751,-0.023228996,-0.13359894,15.317597,15.15861
103,-0.08865454,0.028694954,22.100208,13.324364,13.728368,14.079609,14.4787445,15.067011,14.914625,15.24428,14.709234,15.927655,-2.8935375,-2.8813868,-3.0299785,4.8823123,-0.022619255,14.724869,14.782996,19.625751,-0.023228988,-0.13359894,15.317596,15.15861
104,-0.088654555,0.028694984,22.100208,13.324364,13.728368,14.07961,14.478746,15.067011,14.914625,15.244282,14.709233,15.927655,-2.8935378,-2.8813868,-3.0299785,4.8823123,-0.022619262,14.724869,14.782996,19.625753,-0.023228973,-0.13359897,15.317596,15.15861
105,-0.0886546,0.028694984,22.100208,13.324364,13.728369,14.07961,14.478746,15.067011,14.914625,15.24428,14.709233,15.927655,-2.8935375,-2.8813868,-3.0299785,4.8823123,-0.022619277,14.724869,14.782996,19.625751,-0.023228966,-0.13359895,15.317597,15.15861
106,-0.08865457,0.028694984,22.100208,13.324364,13.728368,14.079609,14.4787445,15.067011,14.914625,15.24428,14.709233,15.927655,-2.893538,-2.8813868,-3.0299785,4.8823123,-0.02261924,14.724869,14.782995,19.625751,-0.023228988,-0.13359897,15.317597,15.15861
107,-0.088654585,0.028694954,22.10021,13.324364,13.728368,14.07961,14.478746,15.067011,14.914626,15.24428,14.709234,15.927655,-2.893538,-2.8813868,-3.0299785,4.8823123,-0.022619262,14.724869,14.782996,19.625751,-0.023228988,-0.13359897,15.317596,15.15861
108,-0.088654585,0.028694984,22.100208,13.324364,13.728368,14.079609,14.478745,15.067011,14.914625,15.244282,14.709233,15.927655,-2.893538,-2.8813868,-3.0299785,4.8823123,-0.022619277,14.724869,14.782996,19.625751,-0.023228996,-0.13359894,15.317597,15.158611
109,-0.08865451,0.028695013,22.10021,13.324364,13.728369,14.07961,14.478746,15.067011,14.914625,15.244282,14.709234,15.927655,-2.893538,-2.8813868,-3.0299785,4.882313,-0.022619262,14.724869,14.782996,19.625753,-0.023228973,-0.13359895,15.317598,15.158611
110,-0.0886546,0.028695013,22.100208,13.324364,13.728369,14.079609,14.4787445,15.067011,14.914625,15.244282,14.709234,15.927655,-2.893538,-2.8813868,-3.0299785,4.882313,-0.022619274,14.724869,14.782996,19.625751,-0.023228928,-0.13359892,15.317597,15.158611
111,-0.08865457,0.028694984,22.10021,13.324364,13.728368,14.07961,14.478746,15.067011,14.914625,15.24428,14.709234,15.927656,-2.893538,-2.8813868,-3.0299785,4.8823123,-0.022619255,14.724869,14.782996,19.625753,-0.023228966,-0.13359895,15.317597,15.158612
112,-0.088654585,0.028694984,22.100208,13.324364,13.728368,14.079609,14.478745,15.067011,14.914626,15.244282,14.709233,15.927656,-2.893538,-2.8813868,-3.0299785,4.8823123,-0.022619266,14.724869,14.782996,19.625751,-0.02322898,-0.13359892,15.317597,15.158611
113,-0.088654555,0.028695013,22.100208,13.324364,13.728369,14.07961,14.478746,15.067011,14.914626,15.244282,14.709234,15.927655,-2.893538,-2.8813868,-3.0299785,4.882313,-0.02261927,14.724869,14.782996,19.625753,-0.023228973,-0.13359895,15.317598,15.158611
114,-0.088654555,0.028694954,22.10021,13.324364,13.728368,14.079609,14.4787445,15.067011,14.914625,15.24428,14.709234,15.927655,-2.893538,-2.8813868,-3.0299785,4.8823123,-0.022619262,14.724869,14.782996,19.625751,-0.023228966,-0.13359897,15.317598,15.158611
115,-0.08865457,0.028694924,22.100208,13.324364,13.728368,14.079609,14.4787445,15.067011,14.914625,15.24428,14.709233,15.927655,-2.893538,-2.8813868,-3.0299785,4.8823123,-0.022619292,14.724869,14.782996,19.625751,-0.02322901,-0.13359894,15.317597,15.15861
116,-0.08865457,0.028694984,22.100208,13.324364,13.728368,14.079609,14.478745,15.067011,14.914625,15.24428,14.709234,15.927655,-2.8935378,-2.8813868,-3.0299785,4.8823123,-0.022619255,14.724869,14.782996,19.625751,-0.023229003,-0.13359895,15.317596,15.15861
117,-0.08865457,0.028694984,22.100208,13.324364,13.728368,14.079609,14.478746,15.067011,14.914625,15.24428,14.709233,15.927655,-2.893538,-2.8813868,-3.0299785,4.882313,-0.02261927,14.724869,14.782996,19.625753,-0.023228966,-0.13359894,15.317596,15.15861
118,-0.088654555,0.028695013,22.100208,13.324364,13.728369,14.07961,14.4787445,15.067011,14.914625,15.24428,14.709233,15.927655,-2.8935378,-2.8813868,-3.0299785,4.8823123,-0.022619277,14.724869,14.782996,19.625753,-0.023228988,-0.13359894,15.317597,15.15861
119,-0.08865454,0.028694984,22.10021,13.324364,13.728368,14.07961,14.478746,15.067011,14.914625,15.24428,14.709233,15.927655,-2.893538,-2.8813868,-3.0299785,4.8823123,-0.022619255,14.724869,14.782996,19.625753,-0.02322898,-0.13359897,15.317596,15.158611
120,-0.0886546,0.028694984,22.100208,13.324364,13.728369,14.07961,14.478745,15.067011,14.914626,15.244282,14.709234,15.927655,-2.893538,-2.8813868,-3.0299785,4.882313,-0.022619266,14.724869,14.782996,19.625751,-0.023228996,-0.13359892,15.317598,15.158611
121,-0.08865457,0.028694984,22.100208,13.324364,13.728369,14.079609,14.478746,15.067011,14.914625,15.244282,14.709234,15.927656,-2.893538,-2.8813868,-3.0299785,4.882313,-0.022619251,14.724869,14.782995,19.625751,-0.023228958,-0.13359892,15.317598,15.158611
122,-0.088654585,0.028694984,22.100208,13.324364,13.728368,14.07961,14.478746,15.067011,14.914625,15.244282,14.709234,15.927656,-2.8935375,-2.8813868,-3.0299785,4.8823123,-0.022619247,14.724869,14.782996,19.625751,-0.023228988,-0.13359897,15.317597,15.15861
123,-0.088654555,0.028694984,22.100208,13.324364,13.728368,14.07961,14.478745,15.067011,14.914625,15.244282,14.709233,15.927656,-2.893538,-2.8813868,-3.0299785,4.882313,-0.02261927,14.724869,14.782996,19.625751,-0.023228966,-0.13359891,15.317597,15.15861
124,-0.08865454,0.028694984,22.100208,13.324364,13.728369,14.07961,14.478746,15.067011,14.914625,15.244282,14.709234,15.927655,-2.893538,-2.8813868,-3.0299785,4.882313,-0.022619247,14.724869,14.782996,19.625751,-0.023228966,-0.13359892,15.317596,15.158611
125,-0.08865457,0.028694984,22.100208,13.324364,13.728369,14.07961,14.478746,15.067011,14.914625,15.24428,14.709234,15.927655,-2.8935375,-2.8813868,-3.0299785,4.882313,-0.022619277,14.724869,14.782996,19.625751,-0.023228973,-0.13359897,15.317596,15.15861
126,-0.088654555,0.028694954,22.100208,13.324364,13.728368,14.079609,14.4787445,15.067011,14.914624,15.24428,14.709234,15.927655,-2.893538,-2.8813868,-3.0299785,4.8823123,-0.022619233,14.724869,14.782995,19.625751,-0.023228988,-0.13359895,15.317597,15.15861
127,-0.08865457,0.028694954,22.100208,13.324364,13.728368,14.079609,14.478746,15.067011,14.914625,15.24428,14.709233,15.927655,-2.8935378,-2.8813868,-3.0299785,4.8823123,-0.022619277,14.724869,14.782996,19.625751,-0.023229018,-0.13359895,15.317596,15.15861
128,-0.08865457,0.028695013,22.100208,13.324364,13.728368,14.07961,14.478745,15.067011,14.914625,15.24428,14.709233,15.927655,-2.8935378,-2.8813868,-3.0299785,4.882313,-0.022619292,14.724869,14.782996,19.625753,-0.02322898,-0.13359892,15.317598,15.15861
129,-0.088654555,0.028694954,22.100208,13.324363,13.728368,14.079609,14.4787445,15.067011,14.914625,15.24428,14.709233,15.927656,-2.893538,-2.8813868,-3.0299785,4.8823123,-0.02261924,14.724869,14.782995,19.625751,-0.023228988,-0.13359892,15.317597,15.158611
130,-0.08865457,0.028694924,22.10021,13.324364,13.728368,14.079609,14.478746,15.067011,14.914625,15.244282,14.709234,15.927655,-2.893538,-2.8813868,-3.0299785,4.882313,-0.022619247,14.724869,14.782996,19.625751,-0.023228958,-0.13359897,15.317597,15.15861
131,-0.088654585,0.028694984,22.100208,13.324364,13.728369,14.079609,14.478745,15.067011,14.914625,15.244282,14.709234,15.927655,-2.893538,-2.8813868,-3.0299785,4.882313,-0.022619251,14.724869,14.782996,19.625751,-0.023228966,-0.13359894,15.317597,15.158611
132,-0.08865457,0.028694954,22.10021,13.324364,13.728368,14.079609,14.478746,15.067011,14.914625,15.24428,14.709234,15.927655,-2.893538,-2.8813868,-3.0299785,4.882313,-0.02261924,14.724869,14.782996,19.625751,-0.02322895,-0.13359895,15.317596,15.15861
133,-0.088654585,0.028694984,22.100208,13.324364,13.728368,14.079609,14.478745,15.067011,14.914625,15.244282,14.709234,15.927655,-2.893538,-2.8813868,-3.0299785,4.882313,-0.022619255,14.724869,14.782996,19.625751,-0.02322898,-0.13359895,15.317597,15.158611
134,-0.08865457,0.028694984,22.100208,13.324364,13.728368,14.07961,14.478746,15.067011,14.914625,15.24428,14.709233,15.927656,-2.8935378,-2.8813868,-3.0299785,4.8823133,-0.022619262,14.724869,14.782996,19.625751,-0.02322895,-0.13359892,15.317596,15.15861
135,-0.08865457,0.028694984,22.100208,13.324364,13.728368,14.079609,14.478745,15.067011,14.914625,15.244282,14.709234,15.927656,-2.8935378,-2.8813868,-3.0299785,4.8823123,-0.022619251,14.724869,14.782996,19.625751,-0.023228988,-0.13359892,15.317597,15.158611
136,-0.088654555,0.028694984,22.100208,13.324364,13.728368,14.07961,14.478745,15.067011,14.914625,15.24428,14.709234,15.927656,-2.8935378,-2.8813868,-3.0299785,4.8823133,-0.022619262,14.724869,14.782996,19.625751,-0.02322895,-0.13359897,15.317596,15.15861
137,-0.088654585,0.028694954,22.10021,13.324364,13.728369,14.07961,14.478745,15.067011,14.914625,15.24428,14.709234,15.927656,-2.8935378,-2.8813868,-3.0299785,4.8823123,-0.022619255,14.724869,14.782995,19.625751,-0.023228988,-0.13359895,15.317596,15.158611
138,-0.088654585,0.028694954,22.100208,13.324364,13.728368,14.079609,14.4787445,15.067011,14.914625,15.244282,14.709233,15.927656,-2.893538,-2.8813868,-3.0299785,4.8823123,-0.022619262,14.724869,14.782996,19.625751,-0.02322898,-0.13359892,15.317597,15.158611
139,-0.088654555,0.028695013,22.100208,13.324364,13.728369,14.07961,14.478746,15.067011,14.914626,15.244282,14.709234,15.927655,-2.893538,-2.8813868,-3.0299785,4.882313,-0.022619277,14.724869,14.782996,19.625753,-0.023228958,-0.13359895,15.317597,15.158611
140,-0.08865457,0.028694984,22.10021,13.324364,13.728368,14.07961,14.478745,15.067011,14.914625,15.244282,14.709234,15.927655,-2.893538,-2.8813868,-3.0299785,4.8823123,-0.022619233,14.724869,14.782996,19.625751,-0.023228943,-0.13359897,15.317597,15.158611
141,-0.088654585,0.028694984,22.10021,13.324364,13.728368,14.079609,14.4787445,15.067011,14.914625,15.24428,14.709234,15.927655,-2.8935378,-2.8813868,-3.0299785,4.882313,-0.022619285,14.724869,14.782996,19.625751,-0.023228988,-0.13359897,15.317597,15.15861
142,-0.088654555,0.028694924,22.100208,13.324364,13.728368,14.079609,14.4787445,15.067011,14.914625,15.24428,14.709234,15.927655,-2.8935375,-2.8813868,-3.0299785,4.8823123,-0.022619262,14.724869,14.782996,19.625751,-0.023229025,-0.13359894,15.317597,15.15861
143,-0.08865454,0.028694954,22.100208,13.324364,13.728368,14.079609,14.4787445,15.067011,14.914625,15.24428,14.709234,15.927655,-2.8935375,-2.8813868,-3.0299785,4.8823123,-0.022619255,14.724869,14.782996,19.625751,-0.023228996,-0.13359894,15.317597,15.15861
144,-0.08865454,0.028694954,22.100208,13.324364,13.728368,14.079609,14.4787445,15.067011,14.914625,15.24428,14.709234,15.927655,-2.8935375,-2.8813868,-3.0299785,4.8823123,-0.022619255,14.724869,14.782996,19.625751,-0.023228988,-0.13359894,15.317596,15.15861
145,-0.088654555,0.028694984,22.100208,13.324364,13.728368,14.07961,14.478746,15.067011,14.914625,15.244282,14.709233,15.927655,-2.8935378,-2.8813868,-3.0299785,4.8823123,-0.022619262,14.724869,14.782996,19.625753,-0.023228973,-0.13359897,15.317596,15.15861
146,-0.0886546,0.028694984,22.100208,13.324364,13.728369,14.07961,14.478746,15.067011,14.914625,15.24428,14.709233,15.927655,-2.8935375,-2.8813868,-3.0299785,4.8823123,-0.022619277,14.724869,14.782996,19.625751,-0.023228966,-0.13359895,15.317597,15.15861
147,-0.08865457,0.028694984,22.100208,13.324364,13.728368,14.079609,14.4787445,15.067011,14.914625,15.24428,14.709233,15.927655,-2.893538,-2.8813868,-3.0299785,4.8823123,-0.02261924,14.724869,14.782995,19.625751,-0.023228988,-0.13359897,15.317597,15.15861
148,-0.088654585,0.028694954,22.10021,13.324364,13.728368,14.07961,14.478746,15.067011,14.914626,15.24428,14.709234,15.927655,-2.893538,-2.8813868,-3.0299785,4.8823123,-0.022619262,14.724869,14.782996,19.625751,-0.023228988,-0.13359897,15.317596,15.15861
149,-0.088654585,0.028694984,22.100208,13.324364,13.728368,14.079609,14.478745,15.067011,14.914625,15.244282,14.709233,15.927655,-2.893538,-2.8813868,-3.0299785,4.8823123,-0.022619277,14.724869,14.782996,19.625751,-0.023228996,-0.13359894,15.317597,15.158611
150,-0.08865451,0.028695013,22.10021,13.324364,13.728369,14.07961,14.478746,15.067011,14.914625,15.244282,14.709234,15.927655,-2.893538,-2.8813868,-3.0299785,4.882313,-0.022619262,14.724869,14.782996,19.625753,-0.023228973,-0.13359895,15.317598,15.158611
151,-0.0886546,0.028695013,22.100208,13.324364,13.728369,14.079609,14.4787445,15.067011,14.914625,15.244282,14.709234,15.927655,-2.893538,-2.8813868,-3.0299785,4.882313,-0.022619274,14.724869,14.782996,19.625751,-0.023228928,-0.13359892,15.317597,15.158611
152,-0.08865457,0.028694984,22.10021,13.324364,13.728368,14.07961,14.478746,15.067011,14.914625,15.24428,14.709234,15.927656,-2.893538,-2.8813868,-3.0299785,4.8823123,-0.022619255,14.724869,14.782996,19.625753,-0.023228966,-0.13359895,15.317597,15.158612
153,-0.088654585,0.028694984,22.100208,13.324364,13.728368,14.079609,14.478745,15.067011,14.914626,15.244282,14.709233,15.927656,-2.893538,-2.8813868,-3.0299785,4.8823123,-0.022619266,14.724869,14.782996,19.625751,-0.02322898,-0.13359892,15.317597,15.158611
154,-0.088654555,0.028695013,22.100208,13.324364,13.728369,14.07961,14.478746,15.067011,14.914626,15.244282,14.709234,15.927655,-2.893538,-2.8813868,-3.0299785,4.882313,-0.02261927,14.724869,14.782996,19.625753,-0.023228973,-0.13359895,15.317598,15.158611
155,-0.088654555,0.028694954,22.10021,13.324364,13.728368,14.079609,14.4787445,15.067011,14.914625,15.24428,14.709234,15.927655,-2.893538,-2.8813868,-3.0299785,4.8823123,-0.022619262,14.724869,14.782996,19.625751,-0.023228966,-0.13359897,15.317598,15.158611
156,-0.08865457,0.028694924,22.100208,13.324364,13.728368,14.079609,14.4787445,15.067011,14.914625,15.24428,14.709233,15.927655,-2.893538,-2.8813868,-3.0299785,4.8823123,-0.022619292,14.724869,14.782996,19.625751,-0.02322901,-0.13359894,15.317597,15.15861
157,-0.08865457,0.028694984,22.100208,13.324364,13.728368,14.079609,14.478745,15.067011,14.914625,15.24428,14.709234,15.927655,-2.8935378,-2.8813868,-3.0299785,4.8823123,-0.022619255,14.724869,14.782996,19.625751,-0.023229003,-0.13359895,15.317596,15.15861
158,-0.08865457,0.028694984,22.100208,13.324364,13.728368,14.079609,14.478746,15.067011,14.914625,15.24428,14.709233,15.927655,-2.893538,-2.8813868,-3.0299785,4.882313,-0.02261927,14.724869,14.782996,19.625753,-0.023228966,-0.13359894,15.317596,15.15861
159,-0.088654555,0.028695013,22.100208,13.324364,13.728369,14.07961,14.4787445,15.067011,14.914625,15.24428,14.709233,15.927655,-2.8935378,-2.8813868,-3.0299785,4.8823123,-0.022619277,14.724869,14.782996,19.625753,-0.023228988,-0.13359894,15.317597,15.15861
160,-0.08865454,0.028694984,22.10021,13.324364,13.728368,14.07961,14.478746,15.067011,14.914625,15.24428,14.709233,15.927655,-2.893538,-2.8813868,-3.0299785,4.8823123,-0.022619255,14.724869,14.782996,19.625753,-0.02322898,-0.13359897,15.317596,15.158611
161,-0.0886546,0.028694984,22.100208,13.324364,13.728369,14.07961,14.478745,15.067011,14.914626,15.244282,14.709234,15.927655,-2.893538,-2.8813868,-3.0299785,4.882313,-0.022619266,14.724869,14.782996,19.625751,-0.023228996,-0.13359892,15.317598,15.158611
162,-0.08865457,0.028694984,22.100208,13.324364,13.728369,14.079609,14.478746,15.067011,14.914625,15.244282,14.709234,15.927656,-2.893538,-2.8813868,-3.0299785,4.882313,-0.022619251,14.724869,14.782995,19.625751,-0.023228958,-0.13359892,15.317598,15.158611
163,-0.088654585,0.028694984,22.100208,13.324364,13.728368,14.07961,14.478746,15.067011,14.914625,15.244282,14.709234,15.927656,-2.8935375,-2.8813868,-3.0299785,4.8823123,-0.022619247,14.724869,14.782996,19.625751,-0.023228988,-0.13359897,15.317597,15.15861
164,-0.088654555,0.028694984,22.100208,13.324364,13.728368,14.07961,14.478745,15.067011,14.914625,15.244282,14.709233,15.927656,-2.893538,-2.8813868,-3.0299785,4.882313,-0.02261927,14.724869,14.782996,19.625751,-0.023228966,-0.13359891,15.317597,15.15861
165,-0.08865454,0.028694984,22.100208,13.324364,13.728369,14.07961,14.478746,15.067011,14.914625,15.244282,14.709234,15.927655,-2.893538,-2.8813868,-3.0299785,4.882313,-0.022619247,14.724869,14.782996,19.625751,-0.023228966,-0.13359892,15.317596,15.158611
166,-0.08865457,0.028694984,22.100208,13.324364,13.728369,14.07961,14.478746,15.067011,14.914625,15.24428,14.709234,15.927655,-2.8935375,-2.8813868,-3.0299785,4.882313,-0.022619277,14.724869,14.782996,19.625751,-0.023228973,-0.13359897,15.317596,15.15861
167,-0.088654555,0.028694954,22.100208,13.324364,13.728368,14.079609,14.4787445,15.067011,14.914624,15.24428,14.709234,15.927655,-2.893538,-2.8813868,-3.0299785,4.8823123,-0.022619233,14.724869,14.782995,19.625751,-0.023228988,-0.13359895,15.317597,15.15861
168,-0.08865457,0.028694954,22.100208,13.324364,13.728368,14.079609,14.478746,15.067011,14.914625,15.24428,14.709233,15.927655,-2.8935378,-2.8813868,-3.0299785,4.8823123,-0.022619277,14.724869,14.782996,19.625751,-0.023229018,-0.13359895,15.317596,15.15861
169,-0.08865457,0.028695013,22.100208,13.324364,13.728368,14.07961,14.478745,15.067011,14.914625,15.24428,14.709233,15.927655,-2.8935378,-2.8813868,-3.0299785,4.882313,-0.022619292,14.724869,14.782996,19.625753,-0.02322898,-0.13359892,15.317598,15.15861
170,-0.088654555,0.028694954,22.100208,13.324363,13.728368,14.079609,14.4787445,15.067011,14.914625,15.24428,14.709233,15.927656,-2.893538,-2.8813868,-3.0299785,4.8823123,-0.02261924,14.724869,14.782995,19.625751,-0.023228988,-0.13359892,15.317597,15.158611
171,-0.08865457,0.028694924,22.10021,13.324364,13.728368,14.079609,14.478746,15.067011,14.914625,15.244282,14.709234,15.927655,-2.893538,-2.8813868,-3.0299785,4.882313,-0.022619247,14.724869,14.782996,19.625751,-0.023228958,-0.13359897,15.317597,15.15861
172,-0.088654585,0.028694984,22.100208,13.324364,13.728369,14.079609,14.478745,15.067011,14.914625,15.244282,14.709234,15.927655,-2.893538,-2.8813868,-3.0299785,4.882313,-0.022619251,14.724869,14.782996,19.625751,-0.023228966,-0.13359894,15.317597,15.158611
173,-0.08865457,0.028694954,22.10021,13.324364,13.728368,14.079609,14.478746,15.067011,14.914625,15.24428,14.709234,15.927655,-2.893538,-2.8813868,-3.0299785,4.882313,-0.02261924,14.724869,14.782996,19.625751,-0.02322895,-0.13359895,15.317596,15.15861
174,-0.088654585,0.028694984,22.100208,13.324364,13.728368,14.079609,14.478745,15.067011,14.914625,15.244282,14.709234,15.927655,-2.893538,-2.8813868,-3.0299785,4.882313,-0.022619255,14.724869,14.782996,19.625751,-0.02322898,-0.13359895,15.317597,15.158611
175,-0.08865457,0.028694984,22.100208,13.324364,13.728368,14.07961,14.478746,15.067011,14.914625,15.24428,14.709233,15.927656,-2.8935378,-2.8813868,-3.0299785,4.8823133,-0.022619262,14.724869,14.782996,19.625751,-0.02322895,-0.13359892,15.317596,15.15861
176,-0.08865457,0.028694984,22.100208,13.324364,13.728368,14.079609,14.478745,15.067011,14.914625,15.244282,14.709234,15.927656,-2.8935378,-2.8813868,-3.0299785,4.8823123,-0.022619251,14.724869,14.782996,19.625751,-0.023228988,-0.13359892,15.317597,15.158611
177,-0.088654555,0.028694984,22.100208,13.324364,13.728368,14.07961,14.478745,15.067011,14.914625,15.24428,14.709234,15.927656,-2.8935378,-2.8813868,-3.0299785,4.8823133,-0.022619262,14.724869,14.782996,19.625751,-0.02322895,-0.13359897,15.317596,15.15861
178,-0.088654585,0.028694954,22.10021,13.324364,13.728369,14.07961,14.478745,15.067011,14.914625,15.24428,14.709234,15.927656,-2.8935378,-2.8813868,-3.0299785,4.8823123,-0.022619255,14.724869,14.782995,19.625751,-0.023228988,-0.13359895,15.317596,15.158611
179,-0.088654585,0.028694954,22.100208,13.324364,13.728368,14.079609,14.4787445,15.067011,14.914625,15.244282,14.709233,15.927656,-2.893538,-2.8813868,-3.0299785,4.8823123,-0.022619262,14.724869,14.782996,19.625751,-0.02322898,-0.13359892,15.317597,15.158611
180,-0.088654555,0.028695013,22.100208,13.324364,13.728369,14.07961,14.478746,15.067011,14.914626,15.244282,14.709234,15.927655,-2.893538,-2.8813868,-3.0299785,4.882313,-0.022619277,14.724869,14.782996,19.625753,-0.023228958,-0.13359895,15.317597,15.158611
181,-0.08865457,0.028694984,22.10021,13.324364,13.728368,14.07961,14.478745,15.067011,14.914625,15.244282,14.709234,15.927655,-2.893538,-2.8813868,-3.0299785,4.8823123,-0.022619233,14.724869,14.782996,19.625751,-0.023228943,-0.13359897,15.317597,15.158611
182,-0.088654585,0.028694984,22.10021,13.324364,13.728368,14.079609,14.4787445,15.067011,14.914625,15.24428,14.709234,15.927655,-2.8935378,-2.8813868,-3.0299785,4.882313,-0.022619285,14.724869,14.782996,19.625751,-0.023228988,-0.13359897,15.317597,15.15861
183,-0.088654555,0.028694924,22.100208,13.324364,13.728368,14.079609,14.4787445,15.067011,14.914625,15.24428,14.709234,15.927655,-2.8935375,-2.8813868,-3.0299785,4.8823123,-0.022619262,14.724869,14.782996,19.625751,-0.023229025,-0.13359894,15.317597,15.15861
184,-0.08865454,0.028694954,22.100208,13.324364,13.728368,14.079609,14.4787445,15.067011,14.914625,15.24428,14.709234,15.927655,-2.8935375,-2.8813868,-3.0299785,4.8823123,-0.022619255,14.724869,14.782996,19.625751,-0.023228996,-0.13359894,15.317597,15.15861
185,-0.08865454,0.028694954,22.100208,13.324364,13.728368,14.079609,14.4787445,15.067011,14.914625,15.24428,14.709234,15.927655,-2.8935375,-2.8813868,-3.0299785,4.8823123,-0.022619255,14.724869,14.782996,19.625751,-0.023228988,-0.13359894,15.317596,15.15861
186,-0.088654555,0.028694984,22.100208,13.324364,13.728368,14.07961,14.478746,15.067011,14.914625,15.244282,14.709233,15.927655,-2.8935378,-2.8813868,-3.0299785,4.8823123,-0.022619262,14.724869,14.782996,19.625753,-0.023228973,-0.13359897,15.317596,15.15861
187,-0.0886546,0.028694984,22.100208,13.324364,13.728369,14.07961,14.478746,15.067011,14.914625,15.24428,14.709233,15.927655,-2.8935375,-2.8813868,-3.0299785,4.8823123,-0.022619277,14.724869,14.782996,19.625751,-0.023228966,-0.13359895,15.317597,15.15861
188,-0.08865457,0.028694984,22.100208,13.324364,13.728368,14.079609,14.4787445,15.067011,14.914625,15.24428,14.709233,15.927655,-2.893538,-2.8813868,-3.0299785,4.8823123,-0.02261924,14.724869,14.782995,19.625751,-0.023228988,-0.13359897,15.317597,15.15861
189,-0.088654585,0.028694954,22.10021,13.324364,13.728368,14.07961,14.478746,15.067011,14.914626,15.24428,14.709234,15.927655,-2.893538,-2.8813868,-3.0299785,4.8823123,-0.022619262,14.724869,14.782996,19.625751,-0.023228988,-0.13359897,15.317596,15.15861
190,-0.088654585,0.028694984,22.100208,13.324364,13.728368,14.079609,14.478745,15.067011,14.914625,15.244282,14.709233,15.927655,-2.893538,-2.8813868,-3.0299785,4.8823123,-0.022619277,14.724869,14.782996,19.625751,-0.023228996,-0.13359894,15.317597,15.158611
191,-0.08865451,0.028695013,22.10021,13.324364,13.728369,14.07961,14.478746,15.067011,14.914625,15.244282,14.709234,15.927655,-2.893538,-2.8813868,-3.0299785,4.882313,-0.022619262,14.724869,14.782996,19.625753,-0.023228973,-0.13359895,15.317598,15.158611
192,-0.0886546,0.028695013,22.100208,13.324364,13.728369,14.079609,14.4787445,15.067011,14.914625,15.244282,14.709234,15.927655,-2.893538,-2.8813868,-3.0299785,4.882313,-0.022619274,14.724869,14.782996,19.625751,-0.023228928,-0.13359892,15.317597,15.158611
193,-0.08865457,0.028694984,22.10021,13.324364,13.728368,14.07961,14.478746,15.067011,14.914625,15.24428,14.709234,15.927656,-2.893538,-2.8813868,-3.0299785,4.8823123,-0.022619255,14.724869,14.782996,19.625753,-0.023228966,-0.13359895,15.317597,15.158612
194,-0.088654585,0.028694984,22.100208,13.324364,13.728368,14.079609,14.478745,15.067011,14.914626,15.244282,14.709233,15.927656,-2.893538,-2.8813868,-3.0299785,4.8823123,-0.022619266,14.724869,14.782996,19.625751,-0.02322898,-0.13359892,15.317597,15.158611
195,-0.088654555,0.028695013,22.100208,13.324364,13.728369,14.07961,14.478746,15.067011,14.914626,15.244282,14.709234,15.927655,-2.893538,-2.8813868,-3.0299785,4.882313,-0.02261927,14.724869,14.782996,19.625753,-0.023228973,-0.13359895,15.317598,15.158611
196,-0.088654555,0.028694954,22.10021,13.324364,13.728368,14.079609,14.4787445,15.067011,14.914625,15.24428,14.709234,15.927655,-2.893538,-2.8813868,-3.0299785,4.8823123,-0.022619262,14.724869,14.782996,19.625751,-0.023228966,-0.13359897,15.317598,15.158611
197,-0.08865457,0.028694924,22.100208,13.324364,13.728368,14.079609,14.4787445,15.067011,14.914625,15.24428,14.709233,15.927655,-2.893538,-2.8813868,-3.0299785,4.8823123,-0.022619292,14.724869,14.782996,19.625751,-0.02322901,-0.13359894,15.317597,15.15861
198,-0.08865457,0.028694984,22.100208,13.324364,13.728368,14.079609,14.478745,15.067011,14.914625,15.24428,14.709234,15.927655,-2.8935378,-2.8813868,-3.0299785,4.8823123,-0.022619255,14.724869,14.782996,19.625751,-0.023229003,-0.13359895,15.317596,15.15861
199,-0.08865457,0.028694984,22.100208,13.324364,13.728368,14.079609,14.478746,15.067011,14.914625,15.24428,14.709233,15.927655,-2.893538,-2.8813868,-3.0299785,4.882313,-0.02261927,14.724869,14.782996,19.625753,-0.023228966,-0.13359894,15.317596,15.15861
